{
  "metrics": {
    "accuracy": 0.7082,
    "macro_precision": 0.6800659052035557,
    "macro_recall": 0.6791666666666666,
    "macro_f1": 0.6752436851501745,
    "weighted_precision": 0.7363180705609211,
    "weighted_recall": 0.7082,
    "weighted_f1": 0.7189713447967124,
    "per_class_metrics": {
      "precision": [
        0.7966292134831461,
        0.3988050784167289,
        0.8447634237107922
      ],
      "recall": [
        0.709,
        0.534,
        0.7945
      ],
      "f1": [
        0.7502645502645503,
        0.4566053869174861,
        0.8188611182684875
      ],
      "support": [
        2000,
        1000,
        2000
      ]
    },
    "confusion_matrix": [
      [
        1418,
        485,
        97
      ],
      [
        271,
        534,
        195
      ],
      [
        91,
        320,
        1589
      ]
    ],
    "classification_report": {
      "negative": {
        "precision": 0.7966292134831461,
        "recall": 0.709,
        "f1-score": 0.7502645502645503,
        "support": 2000.0
      },
      "neutral": {
        "precision": 0.3988050784167289,
        "recall": 0.534,
        "f1-score": 0.4566053869174861,
        "support": 1000.0
      },
      "positive": {
        "precision": 0.8447634237107922,
        "recall": 0.7945,
        "f1-score": 0.8188611182684875,
        "support": 2000.0
      },
      "accuracy": 0.7082,
      "macro avg": {
        "precision": 0.6800659052035557,
        "recall": 0.6791666666666666,
        "f1-score": 0.6752436851501745,
        "support": 5000.0
      },
      "weighted avg": {
        "precision": 0.7363180705609211,
        "recall": 0.7082,
        "f1-score": 0.7189713447967124,
        "support": 5000.0
      }
    },
    "confidence_stats": {
      "mean": 0.7384293675422668,
      "std": 0.1334226280450821,
      "min": 0.35890820622444153,
      "max": 0.9231604933738708
    },
    "sample_predictions": [
      {
        "text": "Don\u2019t waste your time! These are AWFUL. They are see through, the fabric feels like tablecloth, and ...",
        "true_sentiment": "negative",
        "predicted_sentiment": "negative",
        "confidence": 0.7436159253120422,
        "correct": true,
        "probabilities": {
          "negative": 0.7436159253120422,
          "neutral": 0.22730952501296997,
          "positive": 0.029074491932988167
        }
      },
      {
        "text": "One Star I bought 4 and NONE of them worked. Yes I used new batteries!",
        "true_sentiment": "negative",
        "predicted_sentiment": "negative",
        "confidence": 0.7706267237663269,
        "correct": true,
        "probabilities": {
          "negative": 0.7706267237663269,
          "neutral": 0.17140550911426544,
          "positive": 0.057967767119407654
        }
      },
      {
        "text": "Totally useless On first use it didn't heat up and now it doesn't work at all",
        "true_sentiment": "negative",
        "predicted_sentiment": "negative",
        "confidence": 0.7761000990867615,
        "correct": true,
        "probabilities": {
          "negative": 0.7761000990867615,
          "neutral": 0.18822963535785675,
          "positive": 0.03567028045654297
        }
      },
      {
        "text": "Gold filled earrings You want an HONEST answer? I just returned from UPS where I returned the FARCE ...",
        "true_sentiment": "negative",
        "predicted_sentiment": "negative",
        "confidence": 0.5311694145202637,
        "correct": true,
        "probabilities": {
          "negative": 0.5311694145202637,
          "neutral": 0.4022667706012726,
          "positive": 0.06656387448310852
        }
      },
      {
        "text": "Poor container The glue works fine but the container is impossible to work with. The cap doesn't com...",
        "true_sentiment": "negative",
        "predicted_sentiment": "neutral",
        "confidence": 0.7161704301834106,
        "correct": false,
        "probabilities": {
          "negative": 0.23820187151432037,
          "neutral": 0.7161704301834106,
          "positive": 0.04562772437930107
        }
      },
      {
        "text": "Won\u2019t buy again I was over the moon when I got this. I love sunflowers and it looked exactly like th...",
        "true_sentiment": "negative",
        "predicted_sentiment": "negative",
        "confidence": 0.7687203288078308,
        "correct": true,
        "probabilities": {
          "negative": 0.7687203288078308,
          "neutral": 0.20081385970115662,
          "positive": 0.03046584315598011
        }
      },
      {
        "text": "Very brittle case Gotta say, not impressed with the quality. I mean, I can't say I expected it to be...",
        "true_sentiment": "negative",
        "predicted_sentiment": "neutral",
        "confidence": 0.707938015460968,
        "correct": false,
        "probabilities": {
          "negative": 0.24952225387096405,
          "neutral": 0.707938015460968,
          "positive": 0.04253965988755226
        }
      },
      {
        "text": "My 9 year old daughter was so disappointed. It didn't even have a different piece for ... I would gi...",
        "true_sentiment": "negative",
        "predicted_sentiment": "negative",
        "confidence": 0.7259977459907532,
        "correct": true,
        "probabilities": {
          "negative": 0.7259977459907532,
          "neutral": 0.2408999800682068,
          "positive": 0.03310227021574974
        }
      },
      {
        "text": "Some of the glasses were broken when they arrived. Two of the glasses were broken when I opened the ...",
        "true_sentiment": "negative",
        "predicted_sentiment": "negative",
        "confidence": 0.6157191395759583,
        "correct": true,
        "probabilities": {
          "negative": 0.6157191395759583,
          "neutral": 0.35380232334136963,
          "positive": 0.030478525906801224
        }
      },
      {
        "text": "Horrible Doesn\u2019t even work . Did nothing for me :(",
        "true_sentiment": "negative",
        "predicted_sentiment": "negative",
        "confidence": 0.7606779932975769,
        "correct": true,
        "probabilities": {
          "negative": 0.7606779932975769,
          "neutral": 0.20915530622005463,
          "positive": 0.03016667440533638
        }
      }
    ]
  },
  "error_analysis": {
    "total_errors": 1459,
    "error_rate": 0.2918,
    "high_confidence_errors": 109,
    "low_confidence_errors": 526,
    "common_confusions": {
      "negative -> neutral": 485,
      "positive -> neutral": 320,
      "neutral -> negative": 271,
      "neutral -> positive": 195,
      "negative -> positive": 97,
      "positive -> negative": 91
    },
    "sample_errors": [
      {
        "index": 4,
        "text": "Poor container The glue works fine but the container is impossible to work with. The cap doesn't come off without plyers and then won't go back on without a violent abrupt force involving both hands and a solid object (desk drawer). This happened even though I was careful to not gum up the lid or tapering snout.",
        "true_sentiment": "negative",
        "predicted_sentiment": "neutral",
        "confidence": 0.7161705493927002,
        "probabilities": {
          "negative": 0.23820173740386963,
          "neutral": 0.7161705493927002,
          "positive": 0.045627739280462265
        }
      },
      {
        "index": 6,