{
  "train_loss": [
    1.0845740184783936,
    0.8631241097450256
  ],
  "val_loss": [
    0.9936369514465332,
    0.8013876485824585
  ],
  "val_accuracy": [
    0.525,
    0.685
  ],
  "val_f1": [
    0.5117166829257113,
    0.6212333052068152
  ]
}