{
  "train_loss": [
    0.9682007492222684,
    0.697950596980592,
    0.555838146583831
  ],
  "val_loss": [
    0.78969943271087,
    0.6743547873327527,
    0.6917912779143824
  ],
  "val_accuracy": [
    0.6856,
    0.73,
    0.7124
  ],
  "val_f1": [
    0.6086349912245025,
    0.6805682238000806,
    0.6796834075503492
  ]
}